{"fmus":{"{fmu1}":"file:///C:/Users/Frederik/Desktop/Pilot_Study/FMUs/steering_controller.fmu","{fmu2}":"file:///C:/Users/Frederik/Desktop/Pilot_Study/FMUs/vehicle.fmu"},"connections":{"{fmu1}.Steering_control.speed":["{fmu2}.vehicle.u_r"],"{fmu1}.Steering_control.delta_f":["{fmu2}.vehicle.delta_w"],"{fmu2}.vehicle.x":["{fmu1}.Steering_control.pos_x"],"{fmu2}.vehicle.y":["{fmu1}.Steering_control.pos_y"],"{fmu2}.vehicle.theta":["{fmu1}.Steering_control.pos_theta"],"{fmu2}.vehicle.w_o":["{fmu1}.Steering_control.w_r"],"{fmu2}.vehicle.delta_f":["{fmu1}.Steering_control.d_f"]},"parameters":{"{fmu1}.Steering_control.speed_ref":1,"{fmu1}.Steering_control.look_ahead_dist":1,"{fmu1}.Steering_control.control_parameter":1},"livestream":{"{fmu1}.Steering_control":["speed","delta_f"],"{fmu2}.vehicle":["y","x","BicycleModel.delta_f"]},"overrideLogLevel":"ERROR","algorithm":{"type":"fixed-step","size":0.1},"multimodel_crc":"14bff8eb8f0c8cf780a58066d256d130","parallelSimulation":false,"stabalizationEnabled":false,"global_absolute_tolerance":0,"global_relative_tolerance":0.01,"simulationProgramDelay":false}